{
  "GPSPoints": {
    "0": [43.255688, -79.901916],
    "1": [43.255792, -79.901876], 
    "2": [43.255860, -79.901834],
    "3": [43.255601, -79.901800],
    "4": [43.255570, -79.901704],
    "5": [43.255682, -79.901549],
    "6": [43.255773, -79.901511],
    "7": [43.255873, -79.901677],
    "8": [43.255897, -79.901771],
    "9":[43.255629, -79.901874],
    "10":[43.255511, -79.901799],
    "11":[43.255444, -79.901829],
    "12":[43.255368, -79.901863],
    "13":[43.255886, -79.901631],
    "14":[43.255926, -79.901614],
    "15":[43.255997, -79.901581],
    "16":[43.255611, -79.901596],
    "17":[43.255291, -79.901896],
    "18":[43.256072, -79.901549],
    "19":[43.255376, -79.901939],
    "20":[43.255226, -79.901926],
    "21":[43.255226, -79.902006],
    "22":[43.255487, -79.901890],
    "23":[43.255587, -79.901844],
    "24":[43.255552, -79.901779],
    "25":[43.255656, -79.901692],
    "26":[43.255741, -79.901659],
    "27":[43.255724, -79.901825],
    "28":[43.255777, -79.901802],
    "29":[43.255837, -79.901565],
    "30":[43.255924, -79.901695],
    "31":[43.255996, -79.901663],
    "32":[43.256077, -79.901626],
    "33":[43.255724, -79.901468],
    "34":[43.255672, -79.901502],
    "35":[43.255727, -79.901394],
    "36":[43.255562, -79.900985],
    "37":[43.255677, -79.901763],
    "38":[43.255719, -79.901909],
    "39":[43.255788, -79.901945],
    "40":[43.255793, -79.902154],
    "41":[43.255875, -79.902313],
    "42":[43.255936, -79.902336],
    "43":[43.255881, -79.902111],
    "44":[43.255833, -79.902111]
  },
  "FisheyePoints": {
    "0": [643, 483],
    "1": [376, 430],
    "2": [303, 391],
    "3": [836, 268],
    "4": [838, 186],
    "5": [626, 89],
    "6": [504, 98],
    "7": [340, 232],
    "8": [289, 333],
    "9": [807, 378],
    "10":[953, 302],
    "11":[1012, 356],
    "12":[1049, 400],
    "13":[341, 210],
    "14":[317, 221],
    "15":[284, 237],
    "16":[735, 112],
    "17":[1072, 433],
    "18":[258, 252],
    "19":[1056, 474],
    "20":[1086, 456],
    "21":[1087, 512],
    "22":[1002, 423],
    "23":[883, 342],
    "24":[901, 265],
    "25":[686, 150],
    "26":[523, 146],
    "27":[533, 304],
    "28":[419, 300],
    "29":[414, 147],
    "30":[293, 277],
    "31":[261, 289],
    "32":[238, 298],
    "33":[568, 76],
    "34":[633, 78],
    "35":[570, 62],
    "36":[693, 26],
    "37":[651, 206],
    "38":[542, 471],
    "39":[390, 555],
    "40":[480, 812],
    "41":[441, 859],
    "42":[395, 845],
    "43":[349, 736],
    "44":[402, 763]
  },
  "BirdeyePoints": {
    "0": [391, 486],
    "1": [412, 410],
    "2": [436, 357],
    "3": [454, 552],
    "4": [506, 575],
    "5": [593, 491],
    "6": [613, 424],
    "7": [523, 349],
    "8": [471, 330],
    "9": [414, 530],
    "10":[456, 620],
    "11":[439, 669],
    "12":[421, 727],
    "13":[548, 336],
    "14":[556, 309],
    "15":[575, 253],
    "16":[567, 544],
    "17":[403, 785],
    "18":[592, 197],
    "19":[379, 721],
    "20":[386, 834],
    "21":[342, 833],
    "22":[405, 638],
    "23":[430, 562],
    "24":[465, 590],
    "25":[525, 480],
    "26":[533, 447],
    "27":[441, 460],
    "28":[454, 419],
    "29":[583, 375],
    "30":[512, 310],
    "31":[530, 256],
    "32":[550, 195],
    "33":[635, 460],
    "34":[618, 499],
    "35":[676, 458],
    "36":[898, 582],
    "37":[476, 494],
    "38":[395, 464],
    "39":[373, 412],
    "40":[262, 408],
    "41":[174, 347],
    "42":[161, 302],
    "43":[283, 344],
    "44":[285, 378]
  }
}
  